Trip,Percentage Saved,Amount Saved,Estimated Costs,savings,exepenses,Files & media
Madrid,0.04,6,150,pocket change (Travel%20Budget%20Planner%20(1)%201a485936ac6e80dcbfaeef4532805e3f/Savings%201a485936ac6e81c38ec5e3ffd74fce83/pocket%20change%201a485936ac6e81948548fef789164cba.md),"daily budget (7 days) (Travel%20Budget%20Planner%20(1)%201a485936ac6e80dcbfaeef4532805e3f/Expenses%201a485936ac6e819ba876cb25a9506f35/daily%20budget%20(7%20days)%201a485936ac6e81d1aa17d785acfde5a7.md), museum (Travel%20Budget%20Planner%20(1)%201a485936ac6e80dcbfaeef4532805e3f/Expenses%201a485936ac6e819ba876cb25a9506f35/museum%201a485936ac6e815ca0cacb0233a01b69.md)",
Lisbon,0.133333333333,20,150,depop sale (Travel%20Budget%20Planner%20(1)%201a485936ac6e80dcbfaeef4532805e3f/Savings%201a485936ac6e81c38ec5e3ffd74fce83/depop%20sale%201a485936ac6e81df8965eda940abbd6f.md),flights (Travel%20Budget%20Planner%20(1)%201a485936ac6e80dcbfaeef4532805e3f/Expenses%201a485936ac6e819ba876cb25a9506f35/flights%201a485936ac6e8113826eee5048e3d5d8.md),
Paris,1.666666666667,500,300,jan salary (after bills) (Travel%20Budget%20Planner%20(1)%201a485936ac6e80dcbfaeef4532805e3f/Savings%201a485936ac6e81c38ec5e3ffd74fce83/jan%20salary%20(after%20bills)%201a485936ac6e81fca9a4c46e79d7f0b9.md),flights + hotel (Travel%20Budget%20Planner%20(1)%201a485936ac6e80dcbfaeef4532805e3f/Expenses%201a485936ac6e819ba876cb25a9506f35/flights%20+%20hotel%201a485936ac6e81a1a466d68f6227db23.md),
Milan,0.825,165,200,"depop sale (Travel%20Budget%20Planner%20(1)%201a485936ac6e80dcbfaeef4532805e3f/Savings%201a485936ac6e81c38ec5e3ffd74fce83/depop%20sale%201a485936ac6e8154ac23fea19ce89c72.md), birthday money (Travel%20Budget%20Planner%20(1)%201a485936ac6e80dcbfaeef4532805e3f/Savings%201a485936ac6e81c38ec5e3ffd74fce83/birthday%20money%201a485936ac6e8131beb1f4d00bff5e44.md)",hotel (Travel%20Budget%20Planner%20(1)%201a485936ac6e80dcbfaeef4532805e3f/Expenses%201a485936ac6e819ba876cb25a9506f35/hotel%201a485936ac6e8199b485c5aae3bd9a87.md),